image1,image2,target
18490.jpg,18491.jpg,0
18440.jpg,18441.jpg,0
4410.jpg,4411.jpg,0
1670.jpg,1671.jpg,1
12900.jpg,12901.jpg,0
4830.jpg,4831.jpg,0
21970.jpg,21971.jpg,0
1320.jpg,1321.jpg,1
2280.jpg,2281.jpg,0
14750.jpg,14751.jpg,0
7510.jpg,7511.jpg,0
23910.jpg,23911.jpg,0
20830.jpg,20831.jpg,0
14830.jpg,14831.jpg,0
12400.jpg,12401.jpg,0
11040.jpg,11041.jpg,0
16030.jpg,16031.jpg,0
10450.jpg,10451.jpg,1
21320.jpg,21321.jpg,0
21240.jpg,21241.jpg,0
4030.jpg,4031.jpg,0
860.jpg,861.jpg,0
19320.jpg,19321.jpg,0
9750.jpg,9751.jpg,1
8630.jpg,8631.jpg,1
5270.jpg,5271.jpg,0
390.jpg,391.jpg,0
24340.jpg,24341.jpg,0
5720.jpg,5721.jpg,0
30.jpg,31.jpg,0
10670.jpg,10671.jpg,1
11330.jpg,11331.jpg,0
20010.jpg,20011.jpg,0
12860.jpg,12861.jpg,0
13650.jpg,13651.jpg,0
15900.jpg,15901.jpg,0
18960.jpg,18961.jpg,0
24360.jpg,24361.jpg,0
9310.jpg,9311.jpg,1
23350.jpg,23351.jpg,0
16850.jpg,16851.jpg,0
20890.jpg,20891.jpg,0
8700.jpg,8701.jpg,0
22420.jpg,22421.jpg,0
23280.jpg,23281.jpg,0
11170.jpg,11171.jpg,0
5460.jpg,5461.jpg,1
8670.jpg,8671.jpg,1
11690.jpg,11691.jpg,0
16640.jpg,16641.jpg,1
23270.jpg,23271.jpg,0
18360.jpg,18361.jpg,1
22380.jpg,22381.jpg,0
5640.jpg,5641.jpg,0
1510.jpg,1511.jpg,1
20190.jpg,20191.jpg,0
14430.jpg,14431.jpg,0
20800.jpg,20801.jpg,0
18320.jpg,18321.jpg,0
22200.jpg,22201.jpg,0
18940.jpg,18941.jpg,0
17700.jpg,17701.jpg,0
23030.jpg,23031.jpg,0
1810.jpg,1811.jpg,0
21870.jpg,21871.jpg,0
9190.jpg,9191.jpg,0
4150.jpg,4151.jpg,0
9940.jpg,9941.jpg,0
5490.jpg,5491.jpg,1
10780.jpg,10781.jpg,1
190.jpg,191.jpg,0
2590.jpg,2591.jpg,0
14420.jpg,14421.jpg,0
24500.jpg,24501.jpg,0
20240.jpg,20241.jpg,0
6390.jpg,6391.jpg,0
1790.jpg,1791.jpg,1
17400.jpg,17401.jpg,0
9500.jpg,9501.jpg,0
16830.jpg,16831.jpg,0
23420.jpg,23421.jpg,0
7320.jpg,7321.jpg,0
20550.jpg,20551.jpg,1
230.jpg,231.jpg,0
21680.jpg,21681.jpg,0
10220.jpg,10221.jpg,0
21260.jpg,21261.jpg,0
910.jpg,911.jpg,0
4280.jpg,4281.jpg,0
23050.jpg,23051.jpg,0
18250.jpg,18251.jpg,1
12190.jpg,12191.jpg,0
2070.jpg,2071.jpg,0
13130.jpg,13131.jpg,0
15950.jpg,15951.jpg,0
3940.jpg,3941.jpg,0
14660.jpg,14661.jpg,0
17410.jpg,17411.jpg,0
24760.jpg,24761.jpg,0
3530.jpg,3531.jpg,0
1860.jpg,1861.jpg,0
1200.jpg,1201.jpg,1
2840.jpg,2841.jpg,1
11660.jpg,11661.jpg,0
11540.jpg,11541.jpg,0
21010.jpg,21011.jpg,0
22310.jpg,22311.jpg,0
1090.jpg,1091.jpg,0
12080.jpg,12081.jpg,1
13380.jpg,13381.jpg,0
6190.jpg,6191.jpg,0
24970.jpg,24971.jpg,0
10920.jpg,10921.jpg,1
19360.jpg,19361.jpg,1
3910.jpg,3911.jpg,1
15760.jpg,15761.jpg,0
18590.jpg,18591.jpg,0
11090.jpg,11091.jpg,0
6700.jpg,6701.jpg,1
8570.jpg,8571.jpg,0
17910.jpg,17911.jpg,1
4270.jpg,4271.jpg,0
10380.jpg,10381.jpg,0
19310.jpg,19311.jpg,1
24770.jpg,24771.jpg,0
10190.jpg,10191.jpg,1
15620.jpg,15621.jpg,0
1160.jpg,1161.jpg,0
22010.jpg,22011.jpg,0
14580.jpg,14581.jpg,0
16590.jpg,16591.jpg,0
6560.jpg,6561.jpg,0
4540.jpg,4541.jpg,0
8140.jpg,8141.jpg,0
4090.jpg,4091.jpg,0
5420.jpg,5421.jpg,0
24040.jpg,24041.jpg,1
19910.jpg,19911.jpg,0
19840.jpg,19841.jpg,0
2550.jpg,2551.jpg,0
13360.jpg,13361.jpg,0
13010.jpg,13011.jpg,0
8560.jpg,8561.jpg,0
6980.jpg,6981.jpg,1
23630.jpg,23631.jpg,0
12710.jpg,12711.jpg,0
14350.jpg,14351.jpg,0
7020.jpg,7021.jpg,0
12050.jpg,12051.jpg,0
7190.jpg,7191.jpg,1
14130.jpg,14131.jpg,0
23660.jpg,23661.jpg,0
24950.jpg,24951.jpg,0
15580.jpg,15581.jpg,0
2850.jpg,2851.jpg,0
10520.jpg,10521.jpg,0
10320.jpg,10321.jpg,1
13280.jpg,13281.jpg,1
5300.jpg,5301.jpg,0
21990.jpg,21991.jpg,0
900.jpg,901.jpg,1
22290.jpg,22291.jpg,0
22560.jpg,22561.jpg,0
22140.jpg,22141.jpg,0
10960.jpg,10961.jpg,0
8320.jpg,8321.jpg,0
22790.jpg,22791.jpg,0
22850.jpg,22851.jpg,0
370.jpg,371.jpg,0
5660.jpg,5661.jpg,0
3040.jpg,3041.jpg,0
21980.jpg,21981.jpg,0
980.jpg,981.jpg,0
8390.jpg,8391.jpg,0
19250.jpg,19251.jpg,0
1300.jpg,1301.jpg,0
16540.jpg,16541.jpg,0
9050.jpg,9051.jpg,0
7010.jpg,7011.jpg,0
19480.jpg,19481.jpg,0
14180.jpg,14181.jpg,0
8790.jpg,8791.jpg,1
22900.jpg,22901.jpg,0
8470.jpg,8471.jpg,0
18690.jpg,18691.jpg,0
7900.jpg,7901.jpg,1
20300.jpg,20301.jpg,0
1050.jpg,1051.jpg,1
13340.jpg,13341.jpg,0
13530.jpg,13531.jpg,0
22250.jpg,22251.jpg,0
9620.jpg,9621.jpg,0
16280.jpg,16281.jpg,0
12300.jpg,12301.jpg,1
18880.jpg,18881.jpg,1
6240.jpg,6241.jpg,1
9140.jpg,9141.jpg,1
20170.jpg,20171.jpg,0
3740.jpg,3741.jpg,0
19740.jpg,19741.jpg,0
9910.jpg,9911.jpg,0
18140.jpg,18141.jpg,0
8940.jpg,8941.jpg,0
18610.jpg,18611.jpg,0
12200.jpg,12201.jpg,0
23710.jpg,23711.jpg,0
21040.jpg,21041.jpg,0
1040.jpg,1041.jpg,0
9130.jpg,9131.jpg,0
23040.jpg,23041.jpg,0
11810.jpg,11811.jpg,0
10330.jpg,10331.jpg,0
12830.jpg,12831.jpg,0
17370.jpg,17371.jpg,0
23700.jpg,23701.jpg,0
22390.jpg,22391.jpg,0
11680.jpg,11681.jpg,0
3580.jpg,3581.jpg,0
6750.jpg,6751.jpg,0
8260.jpg,8261.jpg,1
6080.jpg,6081.jpg,0
3520.jpg,3521.jpg,0
10890.jpg,10891.jpg,0
17680.jpg,17681.jpg,0
18270.jpg,18271.jpg,0
11920.jpg,11921.jpg,1
19460.jpg,19461.jpg,0
8710.jpg,8711.jpg,1
1870.jpg,1871.jpg,0
12550.jpg,12551.jpg,0
15680.jpg,15681.jpg,0
18680.jpg,18681.jpg,0
11890.jpg,11891.jpg,1
15560.jpg,15561.jpg,0
13040.jpg,13041.jpg,0
6990.jpg,6991.jpg,0
24890.jpg,24891.jpg,0
18760.jpg,18761.jpg,0
16240.jpg,16241.jpg,1
5540.jpg,5541.jpg,1
4820.jpg,4821.jpg,1
24780.jpg,24781.jpg,0
7780.jpg,7781.jpg,0
16840.jpg,16841.jpg,0
3250.jpg,3251.jpg,0
16550.jpg,16551.jpg,0
14490.jpg,14491.jpg,0
11420.jpg,11421.jpg,0
18890.jpg,18891.jpg,0
15180.jpg,15181.jpg,1
1230.jpg,1231.jpg,1
23440.jpg,23441.jpg,0
2810.jpg,2811.jpg,1
7980.jpg,7981.jpg,0
22190.jpg,22191.jpg,0
18000.jpg,18001.jpg,0
14870.jpg,14871.jpg,0
15280.jpg,15281.jpg,0
17980.jpg,17981.jpg,0
5310.jpg,5311.jpg,0
22040.jpg,22041.jpg,0
20110.jpg,20111.jpg,0
2160.jpg,2161.jpg,0
21690.jpg,21691.jpg,0
20780.jpg,20781.jpg,0
80.jpg,81.jpg,0
22000.jpg,22001.jpg,0
21070.jpg,21071.jpg,0
24350.jpg,24351.jpg,0
9430.jpg,9431.jpg,1
7830.jpg,7831.jpg,1
23570.jpg,23571.jpg,0
12210.jpg,12211.jpg,0
13920.jpg,13921.jpg,0
10300.jpg,10301.jpg,1
16930.jpg,16931.jpg,0
3630.jpg,3631.jpg,1
19370.jpg,19371.jpg,0
19500.jpg,19501.jpg,0
24370.jpg,24371.jpg,0
20050.jpg,20051.jpg,0
2580.jpg,2581.jpg,0
6640.jpg,6641.jpg,0
21890.jpg,21891.jpg,0
10440.jpg,10441.jpg,0
12580.jpg,12581.jpg,1
23940.jpg,23941.jpg,0
15550.jpg,15551.jpg,0
2250.jpg,2251.jpg,0
13070.jpg,13071.jpg,1
2970.jpg,2971.jpg,0
7250.jpg,7251.jpg,0
8380.jpg,8381.jpg,1
8860.jpg,8861.jpg,0
5090.jpg,5091.jpg,1
9420.jpg,9421.jpg,0
18540.jpg,18541.jpg,1
14230.jpg,14231.jpg,0
24800.jpg,24801.jpg,0
12310.jpg,12311.jpg,1
16760.jpg,16761.jpg,0
22890.jpg,22891.jpg,0
23530.jpg,23531.jpg,0
4180.jpg,4181.jpg,0
13980.jpg,13981.jpg,0
4700.jpg,4701.jpg,0
2610.jpg,2611.jpg,1
11500.jpg,11501.jpg,0
16730.jpg,16731.jpg,0
12130.jpg,12131.jpg,1
24650.jpg,24651.jpg,0
12870.jpg,12871.jpg,0
13910.jpg,13911.jpg,0
19110.jpg,19111.jpg,0
22940.jpg,22941.jpg,0
17500.jpg,17501.jpg,0
6170.jpg,6171.jpg,0
18860.jpg,18861.jpg,0
2100.jpg,2101.jpg,0
3190.jpg,3191.jpg,0
7820.jpg,7821.jpg,0
3050.jpg,3051.jpg,1
13080.jpg,13081.jpg,0
16820.jpg,16821.jpg,0
24170.jpg,24171.jpg,0
9880.jpg,9881.jpg,0
23430.jpg,23431.jpg,0
20500.jpg,20501.jpg,0
23000.jpg,23001.jpg,0
17770.jpg,17771.jpg,0
24070.jpg,24071.jpg,0
13710.jpg,13711.jpg,0
12810.jpg,12811.jpg,0
15590.jpg,15591.jpg,0
18560.jpg,18561.jpg,0
9570.jpg,9571.jpg,1
2480.jpg,2481.jpg,0
7890.jpg,7891.jpg,0
3290.jpg,3291.jpg,1
6210.jpg,6211.jpg,0
20810.jpg,20811.jpg,0
18950.jpg,18951.jpg,0
4520.jpg,4521.jpg,0
13330.jpg,13331.jpg,0
12410.jpg,12411.jpg,0
9840.jpg,9841.jpg,0
5040.jpg,5041.jpg,0
14600.jpg,14601.jpg,0
9760.jpg,9761.jpg,0
16920.jpg,16921.jpg,1
1750.jpg,1751.jpg,0
22540.jpg,22541.jpg,0
11230.jpg,11231.jpg,0
23360.jpg,23361.jpg,0
23990.jpg,23991.jpg,0
21230.jpg,21231.jpg,0
11220.jpg,11221.jpg,0
10560.jpg,10561.jpg,1
17860.jpg,17861.jpg,0
23720.jpg,23721.jpg,0
20340.jpg,20341.jpg,0
12260.jpg,12261.jpg,0
7700.jpg,7701.jpg,1
12790.jpg,12791.jpg,0
11900.jpg,11901.jpg,0
17640.jpg,17641.jpg,0
9680.jpg,9681.jpg,0
12240.jpg,12241.jpg,0
22210.jpg,22211.jpg,0
3310.jpg,3311.jpg,0
9850.jpg,9851.jpg,0
15910.jpg,15911.jpg,0
8430.jpg,8431.jpg,0
6320.jpg,6321.jpg,0
4960.jpg,4961.jpg,0
6470.jpg,6471.jpg,0
4450.jpg,4451.jpg,1
2320.jpg,2321.jpg,1
21840.jpg,21841.jpg,0
6520.jpg,6521.jpg,1
21050.jpg,21051.jpg,0
21110.jpg,21111.jpg,0
1680.jpg,1681.jpg,0
16400.jpg,16401.jpg,0
2040.jpg,2041.jpg,0
20460.jpg,20461.jpg,0
6610.jpg,6611.jpg,0
5910.jpg,5911.jpg,0
16750.jpg,16751.jpg,0
22370.jpg,22371.jpg,0
23560.jpg,23561.jpg,0
14070.jpg,14071.jpg,0
14020.jpg,14021.jpg,0
6350.jpg,6351.jpg,0
11960.jpg,11961.jpg,0
8530.jpg,8531.jpg,0
20710.jpg,20711.jpg,0
19040.jpg,19041.jpg,0
6160.jpg,6161.jpg,0
17420.jpg,17421.jpg,1
6440.jpg,6441.jpg,1
18570.jpg,18571.jpg,0
2260.jpg,2261.jpg,1
6120.jpg,6121.jpg,0
20370.jpg,20371.jpg,0
8740.jpg,8741.jpg,1
14030.jpg,14031.jpg,0
24600.jpg,24601.jpg,0
8370.jpg,8371.jpg,1
2620.jpg,2621.jpg,0
13250.jpg,13251.jpg,0
5200.jpg,5201.jpg,0
20420.jpg,20421.jpg,0
3510.jpg,3511.jpg,0
4810.jpg,4811.jpg,0
23820.jpg,23821.jpg,0
20720.jpg,20721.jpg,0
24020.jpg,24021.jpg,0
10590.jpg,10591.jpg,0
8130.jpg,8131.jpg,0
4640.jpg,4641.jpg,1
13590.jpg,13591.jpg,0
380.jpg,381.jpg,1
11820.jpg,11821.jpg,0
1350.jpg,1351.jpg,0
12530.jpg,12531.jpg,0
3700.jpg,3701.jpg,0
18780.jpg,18781.jpg,0
6570.jpg,6571.jpg,1
15960.jpg,15961.jpg,0
24420.jpg,24421.jpg,0
1020.jpg,1021.jpg,0
12560.jpg,12561.jpg,1
5140.jpg,5141.jpg,0
8200.jpg,8201.jpg,0
19690.jpg,19691.jpg,0
18080.jpg,18081.jpg,0
7200.jpg,7201.jpg,0
10510.jpg,10511.jpg,1
7990.jpg,7991.jpg,0
1480.jpg,1481.jpg,0
16040.jpg,16041.jpg,0
17620.jpg,17621.jpg,1
6680.jpg,6681.jpg,0
24750.jpg,24751.jpg,0
24670.jpg,24671.jpg,1
11600.jpg,11601.jpg,1
15490.jpg,15491.jpg,0
22820.jpg,22821.jpg,0
8590.jpg,8591.jpg,0
16340.jpg,16341.jpg,0
4880.jpg,4881.jpg,0
10050.jpg,10051.jpg,0
22930.jpg,22931.jpg,1
6880.jpg,6881.jpg,0
8780.jpg,8781.jpg,1
10130.jpg,10131.jpg,0
3440.jpg,3441.jpg,1
10480.jpg,10481.jpg,0
3670.jpg,3671.jpg,0
16990.jpg,16991.jpg,0
9000.jpg,9001.jpg,0
5870.jpg,5871.jpg,1
13660.jpg,13661.jpg,0
7670.jpg,7671.jpg,0
16940.jpg,16941.jpg,0
19510.jpg,19511.jpg,0
12650.jpg,12651.jpg,0
19280.jpg,19281.jpg,0
9100.jpg,9101.jpg,0
20090.jpg,20091.jpg,0
16440.jpg,16441.jpg,0
7490.jpg,7491.jpg,0
5750.jpg,5751.jpg,1
13200.jpg,13201.jpg,0
13630.jpg,13631.jpg,0
7360.jpg,7361.jpg,0
3260.jpg,3261.jpg,0
21290.jpg,21291.jpg,0
7100.jpg,7101.jpg,0
3920.jpg,3921.jpg,0
4570.jpg,4571.jpg,0
21770.jpg,21771.jpg,0
6730.jpg,6731.jpg,0
5810.jpg,5811.jpg,0
11470.jpg,11471.jpg,1
17280.jpg,17281.jpg,0
10390.jpg,10391.jpg,0
780.jpg,781.jpg,0
9010.jpg,9011.jpg,0
5880.jpg,5881.jpg,0
20520.jpg,20521.jpg,0
19470.jpg,19471.jpg,0
5990.jpg,5991.jpg,1
18280.jpg,18281.jpg,0
17570.jpg,17571.jpg,0
14150.jpg,14151.jpg,0
4990.jpg,4991.jpg,1
16000.jpg,16001.jpg,0
1070.jpg,1071.jpg,0
19350.jpg,19351.jpg,0
24570.jpg,24571.jpg,0
22700.jpg,22701.jpg,0
3390.jpg,3391.jpg,0
20940.jpg,20941.jpg,0
11430.jpg,11431.jpg,0
21590.jpg,21591.jpg,1
1580.jpg,1581.jpg,1
7310.jpg,7311.jpg,0
710.jpg,711.jpg,0
14810.jpg,14811.jpg,0
6510.jpg,6511.jpg,0
17520.jpg,17521.jpg,0
2470.jpg,2471.jpg,0
6770.jpg,6771.jpg,1
14010.jpg,14011.jpg,0
4370.jpg,4371.jpg,0
13820.jpg,13821.jpg,1
1930.jpg,1931.jpg,1
16230.jpg,16231.jpg,1
17830.jpg,17831.jpg,0
4890.jpg,4891.jpg,0
7220.jpg,7221.jpg,0
1110.jpg,1111.jpg,1
10140.jpg,10141.jpg,1
2960.jpg,2961.jpg,0
3180.jpg,3181.jpg,0
6330.jpg,6331.jpg,0
22230.jpg,22231.jpg,0
10010.jpg,10011.jpg,0
15520.jpg,15521.jpg,0
14120.jpg,14121.jpg,1
19300.jpg,19301.jpg,0
19050.jpg,19051.jpg,0
12510.jpg,12511.jpg,0
23620.jpg,23621.jpg,0
640.jpg,641.jpg,1
1140.jpg,1141.jpg,0
24490.jpg,24491.jpg,0
720.jpg,721.jpg,0
3590.jpg,3591.jpg,0
7690.jpg,7691.jpg,1
5050.jpg,5051.jpg,0
990.jpg,991.jpg,1
13740.jpg,13741.jpg,0
16900.jpg,16901.jpg,0
460.jpg,461.jpg,0
10500.jpg,10501.jpg,1
8340.jpg,8341.jpg,1
830.jpg,831.jpg,0
22590.jpg,22591.jpg,0
2300.jpg,2301.jpg,0
410.jpg,411.jpg,0
19100.jpg,19101.jpg,0
18060.jpg,18061.jpg,0
6960.jpg,6961.jpg,0
14320.jpg,14321.jpg,0
21800.jpg,21801.jpg,0
22430.jpg,22431.jpg,0
6020.jpg,6021.jpg,0
22270.jpg,22271.jpg,0
7500.jpg,7501.jpg,1
21670.jpg,21671.jpg,0
10610.jpg,10611.jpg,1
11450.jpg,11451.jpg,0
9080.jpg,9081.jpg,0
11580.jpg,11581.jpg,1
3720.jpg,3721.jpg,0
11490.jpg,11491.jpg,0
4600.jpg,4601.jpg,1
1380.jpg,1381.jpg,1
24870.jpg,24871.jpg,0
21220.jpg,21221.jpg,0
15850.jpg,15851.jpg,0
18170.jpg,18171.jpg,1
600.jpg,601.jpg,0
7620.jpg,7621.jpg,0
22570.jpg,22571.jpg,0
21390.jpg,21391.jpg,0
13730.jpg,13731.jpg,1
4740.jpg,4741.jpg,0
17740.jpg,17741.jpg,0
1340.jpg,1341.jpg,1
7660.jpg,7661.jpg,0
3870.jpg,3871.jpg,0
9410.jpg,9411.jpg,0
4460.jpg,4461.jpg,0
1560.jpg,1561.jpg,0
20030.jpg,20031.jpg,0
6800.jpg,6801.jpg,1
11740.jpg,11741.jpg,1
13990.jpg,13991.jpg,0
16740.jpg,16741.jpg,1
23680.jpg,23681.jpg,0
3650.jpg,3651.jpg,0
5770.jpg,5771.jpg,1
18130.jpg,18131.jpg,0
11280.jpg,11281.jpg,0
23750.jpg,23751.jpg,0
8910.jpg,8911.jpg,0
9490.jpg,9491.jpg,0
21120.jpg,21121.jpg,1
20380.jpg,20381.jpg,0
24130.jpg,24131.jpg,0
19750.jpg,19751.jpg,0
20980.jpg,20981.jpg,0
20650.jpg,20651.jpg,1
23200.jpg,23201.jpg,0
5790.jpg,5791.jpg,0
23950.jpg,23951.jpg,0
24260.jpg,24261.jpg,1
23540.jpg,23541.jpg,0
170.jpg,171.jpg,0
200.jpg,201.jpg,0
16810.jpg,16811.jpg,1
14890.jpg,14891.jpg,0
2600.jpg,2601.jpg,0
18410.jpg,18411.jpg,0
21300.jpg,21301.jpg,0
22530.jpg,22531.jpg,0
7280.jpg,7281.jpg,0
19680.jpg,19681.jpg,0
9530.jpg,9531.jpg,0
13260.jpg,13261.jpg,0
3570.jpg,3571.jpg,0
2930.jpg,2931.jpg,0
20100.jpg,20101.jpg,0
16010.jpg,16011.jpg,0
19640.jpg,19641.jpg,0
15540.jpg,15541.jpg,1
22870.jpg,22871.jpg,0
24200.jpg,24201.jpg,1
24150.jpg,24151.jpg,0
40.jpg,41.jpg,0
2700.jpg,2701.jpg,1
5100.jpg,5101.jpg,0
6340.jpg,6341.jpg,1
7640.jpg,7641.jpg,0
10260.jpg,10261.jpg,0
680.jpg,681.jpg,0
7580.jpg,7581.jpg,0
290.jpg,291.jpg,1
4430.jpg,4431.jpg,0
20120.jpg,20121.jpg,0
23190.jpg,23191.jpg,0
440.jpg,441.jpg,1
7080.jpg,7081.jpg,0
16390.jpg,16391.jpg,0
8030.jpg,8031.jpg,0
10360.jpg,10361.jpg,0
10530.jpg,10531.jpg,0
9890.jpg,9891.jpg,1
4250.jpg,4251.jpg,0
10880.jpg,10881.jpg,0
1370.jpg,1371.jpg,1
15800.jpg,15801.jpg,0
2520.jpg,2521.jpg,0
24440.jpg,24441.jpg,0
24590.jpg,24591.jpg,0
17160.jpg,17161.jpg,0
14620.jpg,14621.jpg,0
15640.jpg,15641.jpg,0
220.jpg,221.jpg,0
9220.jpg,9221.jpg,0
18030.jpg,18031.jpg,1
8610.jpg,8611.jpg,0
1520.jpg,1521.jpg,1
21540.jpg,21541.jpg,0
19130.jpg,19131.jpg,0
18720.jpg,18721.jpg,0
13940.jpg,13941.jpg,0
24620.jpg,24621.jpg,0
11670.jpg,11671.jpg,1
2030.jpg,2031.jpg,0
14900.jpg,14901.jpg,0
9790.jpg,9791.jpg,0
4390.jpg,4391.jpg,0
4470.jpg,4471.jpg,0
20400.jpg,20401.jpg,0
17650.jpg,17651.jpg,0
6420.jpg,6421.jpg,0
24790.jpg,24791.jpg,0
6430.jpg,6431.jpg,0
22840.jpg,22841.jpg,0
21720.jpg,21721.jpg,0
11560.jpg,11561.jpg,0
22980.jpg,22981.jpg,0
19400.jpg,19401.jpg,0
18840.jpg,18841.jpg,0
9470.jpg,9471.jpg,1
2680.jpg,2681.jpg,1
3640.jpg,3641.jpg,1
15750.jpg,15751.jpg,0
19850.jpg,19851.jpg,0
6670.jpg,6671.jpg,0
20530.jpg,20531.jpg,0
5680.jpg,5681.jpg,0
20560.jpg,20561.jpg,0
15120.jpg,15121.jpg,0
14440.jpg,14441.jpg,0
23400.jpg,23401.jpg,0
12390.jpg,12391.jpg,1
10370.jpg,10371.jpg,0
1540.jpg,1541.jpg,0
18240.jpg,18241.jpg,0
19960.jpg,19961.jpg,0
24030.jpg,24031.jpg,1
21190.jpg,21191.jpg,0
15940.jpg,15941.jpg,1
6590.jpg,6591.jpg,0
21660.jpg,21661.jpg,0
7380.jpg,7381.jpg,0
11070.jpg,11071.jpg,0
21900.jpg,21901.jpg,1
2490.jpg,2491.jpg,0
24160.jpg,24161.jpg,0
11010.jpg,11011.jpg,0
2210.jpg,2211.jpg,0
2310.jpg,2311.jpg,0
2780.jpg,2781.jpg,0
2570.jpg,2571.jpg,0
750.jpg,751.jpg,0
24920.jpg,24921.jpg,0
16570.jpg,16571.jpg,0
12740.jpg,12741.jpg,0
8070.jpg,8071.jpg,1
21020.jpg,21021.jpg,0
2650.jpg,2651.jpg,0
15710.jpg,15711.jpg,0
5470.jpg,5471.jpg,0
7940.jpg,7941.jpg,0
11860.jpg,11861.jpg,1
17250.jpg,17251.jpg,0
1570.jpg,1571.jpg,0
22180.jpg,22181.jpg,0
14760.jpg,14761.jpg,1
12370.jpg,12371.jpg,0
6830.jpg,6831.jpg,0
24880.jpg,24881.jpg,0
9970.jpg,9971.jpg,0
12120.jpg,12121.jpg,0
14730.jpg,14731.jpg,0
4360.jpg,4361.jpg,1
2000.jpg,2001.jpg,0
12670.jpg,12671.jpg,0
24850.jpg,24851.jpg,0
960.jpg,961.jpg,1
23140.jpg,23141.jpg,0
22750.jpg,22751.jpg,0
11370.jpg,11371.jpg,0
22480.jpg,22481.jpg,0
9580.jpg,9581.jpg,0
12040.jpg,12041.jpg,1
16960.jpg,16961.jpg,0
20230.jpg,20231.jpg,0
10270.jpg,10271.jpg,0
18260.jpg,18261.jpg,0
8100.jpg,8101.jpg,1
3490.jpg,3491.jpg,1
2400.jpg,2401.jpg,0
530.jpg,531.jpg,0
20600.jpg,20601.jpg,0
24250.jpg,24251.jpg,0
8230.jpg,8231.jpg,1
3450.jpg,3451.jpg,0
19000.jpg,19001.jpg,0
22780.jpg,22781.jpg,0
11030.jpg,11031.jpg,0
22960.jpg,22961.jpg,0
24180.jpg,24181.jpg,0
22280.jpg,22281.jpg,0
6660.jpg,6661.jpg,1
21470.jpg,21471.jpg,0
20590.jpg,20591.jpg,0
12060.jpg,12061.jpg,0
22160.jpg,22161.jpg,0
20770.jpg,20771.jpg,0
3760.jpg,3761.jpg,0
21150.jpg,21151.jpg,1
23840.jpg,23841.jpg,0
260.jpg,261.jpg,1
1450.jpg,1451.jpg,1
19730.jpg,19731.jpg,0
20330.jpg,20331.jpg,0
18630.jpg,18631.jpg,0
9380.jpg,9381.jpg,1
6490.jpg,6491.jpg,0
19970.jpg,19971.jpg,1
17730.jpg,17731.jpg,0
15720.jpg,15721.jpg,1
10310.jpg,10311.jpg,1
14000.jpg,14001.jpg,0
14780.jpg,14781.jpg,0
5410.jpg,5411.jpg,0
15990.jpg,15991.jpg,0
5250.jpg,5251.jpg,1
12640.jpg,12641.jpg,0
20690.jpg,20691.jpg,0
1010.jpg,1011.jpg,0
8300.jpg,8301.jpg,1
7850.jpg,7851.jpg,1
8520.jpg,8521.jpg,1
9450.jpg,9451.jpg,1
470.jpg,471.jpg,0
17140.jpg,17141.jpg,0
4420.jpg,4421.jpg,0
9900.jpg,9901.jpg,1
21130.jpg,21131.jpg,0
10940.jpg,10941.jpg,0
5730.jpg,5731.jpg,1
5010.jpg,5011.jpg,0
20180.jpg,20181.jpg,0
23610.jpg,23611.jpg,0
11630.jpg,11631.jpg,1
7420.jpg,7421.jpg,1
7030.jpg,7031.jpg,0
18520.jpg,18521.jpg,0
9150.jpg,9151.jpg,0
24000.jpg,24001.jpg,0
15930.jpg,15931.jpg,0
21550.jpg,21551.jpg,0
5980.jpg,5981.jpg,0
11780.jpg,11781.jpg,0
21610.jpg,21611.jpg,0
19820.jpg,19821.jpg,0
7210.jpg,7211.jpg,0
14650.jpg,14651.jpg,0
11650.jpg,11651.jpg,1
17840.jpg,17841.jpg,0
11360.jpg,11361.jpg,1
13050.jpg,13051.jpg,0
23100.jpg,23101.jpg,0
5400.jpg,5401.jpg,1
11000.jpg,11001.jpg,0
22880.jpg,22881.jpg,0
16470.jpg,16471.jpg,1
3130.jpg,3131.jpg,0
18420.jpg,18421.jpg,0
9400.jpg,9401.jpg,1
11800.jpg,11801.jpg,0
17660.jpg,17661.jpg,0
17320.jpg,17321.jpg,1
1400.jpg,1401.jpg,0
21090.jpg,21091.jpg,0
2890.jpg,2891.jpg,0
18120.jpg,18121.jpg,0
2740.jpg,2741.jpg,0
20440.jpg,20441.jpg,0
21630.jpg,21631.jpg,0
9360.jpg,9361.jpg,0
8870.jpg,8871.jpg,0
1950.jpg,1951.jpg,0
9030.jpg,9031.jpg,0
1260.jpg,1261.jpg,0
9200.jpg,9201.jpg,0
14740.jpg,14741.jpg,0
12620.jpg,12621.jpg,0
10180.jpg,10181.jpg,0
24680.jpg,24681.jpg,0
3100.jpg,3101.jpg,1
7440.jpg,7441.jpg,0
13930.jpg,13931.jpg,0
12110.jpg,12111.jpg,0
3230.jpg,3231.jpg,0
17050.jpg,17051.jpg,0
19660.jpg,19661.jpg,0
10820.jpg,10821.jpg,0
9710.jpg,9711.jpg,0
10250.jpg,10251.jpg,0
7760.jpg,7761.jpg,0
22660.jpg,22661.jpg,1
1220.jpg,1221.jpg,0
4220.jpg,4221.jpg,0
1210.jpg,1211.jpg,0
15150.jpg,15151.jpg,0
22090.jpg,22091.jpg,0
21950.jpg,21951.jpg,0
9390.jpg,9391.jpg,0
22950.jpg,22951.jpg,0
6180.jpg,6181.jpg,0
23170.jpg,23171.jpg,0
23730.jpg,23731.jpg,0
14160.jpg,14161.jpg,0
14990.jpg,14991.jpg,0
11950.jpg,11951.jpg,0
15410.jpg,15411.jpg,0
11260.jpg,11261.jpg,0
2720.jpg,2721.jpg,0
3300.jpg,3301.jpg,0
5860.jpg,5861.jpg,0
2950.jpg,2951.jpg,0
10290.jpg,10291.jpg,1
14480.jpg,14481.jpg,0
14360.jpg,14361.jpg,0
7870.jpg,7871.jpg,0
21650.jpg,21651.jpg,0
24230.jpg,24231.jpg,0
13540.jpg,13541.jpg,0
22600.jpg,22601.jpg,0
2920.jpg,2921.jpg,1
17600.jpg,17601.jpg,0
3220.jpg,3221.jpg,0
14670.jpg,14671.jpg,0
4000.jpg,4001.jpg,0
21530.jpg,21531.jpg,0
15230.jpg,15231.jpg,0
20200.jpg,20201.jpg,1
4140.jpg,4141.jpg,0
23690.jpg,23691.jpg,0
17150.jpg,17151.jpg,0
24820.jpg,24821.jpg,0
5130.jpg,5131.jpg,0
9720.jpg,9721.jpg,1
5740.jpg,5741.jpg,1
1420.jpg,1421.jpg,0
23110.jpg,23111.jpg,0
21480.jpg,21481.jpg,0
12880.jpg,12881.jpg,0
9040.jpg,9041.jpg,1
16210.jpg,16211.jpg,0
8050.jpg,8051.jpg,0
16520.jpg,16521.jpg,0
23890.jpg,23891.jpg,0
11190.jpg,11191.jpg,1
21340.jpg,21341.jpg,0
24710.jpg,24711.jpg,0
14980.jpg,14981.jpg,0
12970.jpg,12971.jpg,0
13310.jpg,13311.jpg,0
15240.jpg,15241.jpg,0
11200.jpg,11201.jpg,0
12720.jpg,12721.jpg,1
3620.jpg,3621.jpg,0
22070.jpg,22071.jpg,0
2220.jpg,2221.jpg,0
6820.jpg,6821.jpg,0
17130.jpg,17131.jpg,0
7550.jpg,7551.jpg,0
15050.jpg,15051.jpg,0
12280.jpg,12281.jpg,0
490.jpg,491.jpg,0
3420.jpg,3421.jpg,1
20620.jpg,20621.jpg,0
8930.jpg,8931.jpg,1
19180.jpg,19181.jpg,0
17090.jpg,17091.jpg,0
2370.jpg,2371.jpg,0
13600.jpg,13601.jpg,0
17690.jpg,17691.jpg,0
19540.jpg,19541.jpg,0
9870.jpg,9871.jpg,1
21570.jpg,21571.jpg,0
3080.jpg,3081.jpg,0
14640.jpg,14641.jpg,1
15140.jpg,15141.jpg,1
4080.jpg,4081.jpg,1
6860.jpg,6861.jpg,0
19080.jpg,19081.jpg,0
15300.jpg,15301.jpg,0
16060.jpg,16061.jpg,0
13850.jpg,13851.jpg,0
15200.jpg,15201.jpg,0
8240.jpg,8241.jpg,0
1100.jpg,1101.jpg,1
4860.jpg,4861.jpg,1
21640.jpg,21641.jpg,0
13270.jpg,13271.jpg,0
7570.jpg,7571.jpg,0
9590.jpg,9591.jpg,0
13960.jpg,13961.jpg,1
5020.jpg,5021.jpg,1
11270.jpg,11271.jpg,0
1060.jpg,1061.jpg,0
11340.jpg,11341.jpg,0
22080.jpg,22081.jpg,0
3280.jpg,3281.jpg,0
5610.jpg,5611.jpg,0
7430.jpg,7431.jpg,0
17210.jpg,17211.jpg,0
1900.jpg,1901.jpg,0
7330.jpg,7331.jpg,1
10210.jpg,10211.jpg,0
16510.jpg,16511.jpg,0
19650.jpg,19651.jpg,0
21490.jpg,21491.jpg,0
21740.jpg,21741.jpg,0
24290.jpg,24291.jpg,0
23080.jpg,23081.jpg,0
6290.jpg,6291.jpg,1
19710.jpg,19711.jpg,0
3000.jpg,3001.jpg,0
8830.jpg,8831.jpg,0
16870.jpg,16871.jpg,0
120.jpg,121.jpg,0
6060.jpg,6061.jpg,1
18740.jpg,18741.jpg,1
800.jpg,801.jpg,1
22350.jpg,22351.jpg,0
8800.jpg,8801.jpg,0
14220.jpg,14221.jpg,1
5210.jpg,5211.jpg,1
4320.jpg,4321.jpg,0
14790.jpg,14791.jpg,0
10720.jpg,10721.jpg,1
23160.jpg,23161.jpg,0
840.jpg,841.jpg,0
18480.jpg,18481.jpg,0
22800.jpg,22801.jpg,0
15840.jpg,15841.jpg,0
4840.jpg,4841.jpg,0
1980.jpg,1981.jpg,0
24730.jpg,24731.jpg,0
17710.jpg,17711.jpg,0
15810.jpg,15811.jpg,0
9090.jpg,9091.jpg,0
12770.jpg,12771.jpg,0
5500.jpg,5501.jpg,1
13500.jpg,13501.jpg,0
13770.jpg,13771.jpg,0
14880.jpg,14881.jpg,0
3330.jpg,3331.jpg,0
10540.jpg,10541.jpg,0
7260.jpg,7261.jpg,0
19290.jpg,19291.jpg,0
12450.jpg,12451.jpg,0
18970.jpg,18971.jpg,0
70.jpg,71.jpg,0
8510.jpg,8511.jpg,0
24210.jpg,24211.jpg,0
15780.jpg,15781.jpg,0
10400.jpg,10401.jpg,0
4800.jpg,4801.jpg,0
10860.jpg,10861.jpg,1
10700.jpg,10701.jpg,0
18190.jpg,18191.jpg,0
17880.jpg,17881.jpg,0
5190.jpg,5191.jpg,0
7800.jpg,7801.jpg,0
17930.jpg,17931.jpg,0
17190.jpg,17191.jpg,0
21880.jpg,21881.jpg,1
24300.jpg,24301.jpg,0
19610.jpg,19611.jpg,0
10990.jpg,10991.jpg,1
3060.jpg,3061.jpg,1
4040.jpg,4041.jpg,1
19990.jpg,19991.jpg,0
16050.jpg,16051.jpg,0
12760.jpg,12761.jpg,0
760.jpg,761.jpg,0
7720.jpg,7721.jpg,0
16580.jpg,16581.jpg,0
20840.jpg,20841.jpg,1
14610.jpg,14611.jpg,0
2290.jpg,2291.jpg,0
10280.jpg,10281.jpg,0
15160.jpg,15161.jpg,0
9230.jpg,9231.jpg,0
7740.jpg,7741.jpg,0
6900.jpg,6901.jpg,0
7410.jpg,7411.jpg,0
10350.jpg,10351.jpg,1
17180.jpg,17181.jpg,0
21620.jpg,21621.jpg,0
17270.jpg,17271.jpg,0
13390.jpg,13391.jpg,1
23490.jpg,23491.jpg,1
16910.jpg,16911.jpg,0
2880.jpg,2881.jpg,0
280.jpg,281.jpg,0
13430.jpg,13431.jpg,1
14590.jpg,14591.jpg,1
15420.jpg,15421.jpg,0
10030.jpg,10031.jpg,0
12460.jpg,12461.jpg,0
4510.jpg,4511.jpg,1
14720.jpg,14721.jpg,0
23060.jpg,23061.jpg,0
11240.jpg,11241.jpg,0
400.jpg,401.jpg,0
24660.jpg,24661.jpg,0
19620.jpg,19621.jpg,0
6030.jpg,6031.jpg,0
4480.jpg,4481.jpg,0
1740.jpg,1741.jpg,1
16330.jpg,16331.jpg,0
7230.jpg,7231.jpg,1
15020.jpg,15021.jpg,0
20510.jpg,20511.jpg,0
1150.jpg,1151.jpg,1
21710.jpg,21711.jpg,1
21270.jpg,21271.jpg,1
24690.jpg,24691.jpg,0
11940.jpg,11941.jpg,1
11930.jpg,11931.jpg,0
7750.jpg,7751.jpg,0
16490.jpg,16491.jpg,0
17260.jpg,17261.jpg,0
21790.jpg,21791.jpg,0
4750.jpg,4751.jpg,0
20.jpg,21.jpg,0
7240.jpg,7241.jpg,1
17070.jpg,17071.jpg,0
16310.jpg,16311.jpg,0
22100.jpg,22101.jpg,0
10080.jpg,10081.jpg,1
7630.jpg,7631.jpg,1
4160.jpg,4161.jpg,1
23810.jpg,23811.jpg,0
1650.jpg,1651.jpg,0
8110.jpg,8111.jpg,1
18460.jpg,18461.jpg,0
12890.jpg,12891.jpg,0
5590.jpg,5591.jpg,0
1820.jpg,1821.jpg,1
310.jpg,311.jpg,1
18820.jpg,18821.jpg,0
19340.jpg,19341.jpg,0
15110.jpg,15111.jpg,0
1280.jpg,1281.jpg,0
11990.jpg,11991.jpg,0
10430.jpg,10431.jpg,0
18150.jpg,18151.jpg,0
11760.jpg,11761.jpg,0
20450.jpg,20451.jpg,0
13210.jpg,13211.jpg,0
11730.jpg,11731.jpg,1
14700.jpg,14701.jpg,0
15290.jpg,15291.jpg,0
3540.jpg,3541.jpg,0
21030.jpg,21031.jpg,0
24190.jpg,24191.jpg,0
23960.jpg,23961.jpg,0
2830.jpg,2831.jpg,0
15040.jpg,15041.jpg,0
3480.jpg,3481.jpg,0
4940.jpg,4941.jpg,1
22610.jpg,22611.jpg,1
1600.jpg,1601.jpg,0
2690.jpg,2691.jpg,1
12230.jpg,12231.jpg,0
4120.jpg,4121.jpg,0
16290.jpg,16291.jpg,0
18980.jpg,18981.jpg,0
24520.jpg,24521.jpg,0
4630.jpg,4631.jpg,0
11550.jpg,11551.jpg,0
13350.jpg,13351.jpg,0
18700.jpg,18701.jpg,0
7680.jpg,7681.jpg,1
5370.jpg,5371.jpg,0
9550.jpg,9551.jpg,0
2640.jpg,2641.jpg,0
16560.jpg,16561.jpg,0
20610.jpg,20611.jpg,0
12990.jpg,12991.jpg,0
12610.jpg,12611.jpg,1
6130.jpg,6131.jpg,1
880.jpg,881.jpg,0
10160.jpg,10161.jpg,0
11210.jpg,11211.jpg,0
13230.jpg,13231.jpg,0
21930.jpg,21931.jpg,0
21330.jpg,21331.jpg,0
16690.jpg,16691.jpg,0
6230.jpg,6231.jpg,1
22320.jpg,22321.jpg,0
2110.jpg,2111.jpg,0
14460.jpg,14461.jpg,0
3950.jpg,3951.jpg,1
17030.jpg,17031.jpg,1
21440.jpg,21441.jpg,0
3770.jpg,3771.jpg,1
23300.jpg,23301.jpg,0
18470.jpg,18471.jpg,0
13860.jpg,13861.jpg,1
21350.jpg,21351.jpg,0
23340.jpg,23341.jpg,0
19580.jpg,19581.jpg,0
19440.jpg,19441.jpg,0
14390.jpg,14391.jpg,0
250.jpg,251.jpg,0
23290.jpg,23291.jpg,0
180.jpg,181.jpg,0
18920.jpg,18921.jpg,0
23770.jpg,23771.jpg,0
18110.jpg,18111.jpg,0
18550.jpg,18551.jpg,0
5390.jpg,5391.jpg,1
19890.jpg,19891.jpg,0
14550.jpg,14551.jpg,0
24090.jpg,24091.jpg,0
23800.jpg,23801.jpg,0
270.jpg,271.jpg,0
19230.jpg,19231.jpg,1
17380.jpg,17381.jpg,0
20350.jpg,20351.jpg,0
9160.jpg,9161.jpg,0
17300.jpg,17301.jpg,0
21850.jpg,21851.jpg,0
5260.jpg,5261.jpg,0
8900.jpg,8901.jpg,1
20760.jpg,20761.jpg,0
6580.jpg,6581.jpg,1
6760.jpg,6761.jpg,1
17560.jpg,17561.jpg,0
16130.jpg,16131.jpg,0
18300.jpg,18301.jpg,0
23580.jpg,23581.jpg,0
3990.jpg,3991.jpg,1
22330.jpg,22331.jpg,0
2670.jpg,2671.jpg,1
6270.jpg,6271.jpg,0
13620.jpg,13621.jpg,0
1490.jpg,1491.jpg,1
21000.jpg,21001.jpg,0
4610.jpg,4611.jpg,0
23150.jpg,23151.jpg,0
13300.jpg,13301.jpg,0
10.jpg,11.jpg,0
13800.jpg,13801.jpg,0
14260.jpg,14261.jpg,0
12170.jpg,12171.jpg,0
14500.jpg,14501.jpg,0
22340.jpg,22341.jpg,0
24510.jpg,24511.jpg,0
890.jpg,891.jpg,0
20880.jpg,20881.jpg,0
19870.jpg,19871.jpg,0
930.jpg,931.jpg,0
16260.jpg,16261.jpg,0
18510.jpg,18511.jpg,1
3790.jpg,3791.jpg,1
24960.jpg,24961.jpg,0
23120.jpg,23121.jpg,0
5110.jpg,5111.jpg,0
6250.jpg,6251.jpg,0
15660.jpg,15661.jpg,0
16250.jpg,16251.jpg,0
3890.jpg,3891.jpg,1
7290.jpg,7291.jpg,0
5380.jpg,5381.jpg,0
24320.jpg,24321.jpg,0
10840.jpg,10841.jpg,0
18180.jpg,18181.jpg,1
12180.jpg,12181.jpg,0
23410.jpg,23411.jpg,1
16800.jpg,16801.jpg,1
1780.jpg,1781.jpg,0
14520.jpg,14521.jpg,0
13410.jpg,13411.jpg,0
6000.jpg,6001.jpg,0
15360.jpg,15361.jpg,0
24700.jpg,24701.jpg,0
8890.jpg,8891.jpg,0
20130.jpg,20131.jpg,0
5080.jpg,5081.jpg,0
8600.jpg,8601.jpg,1
2450.jpg,2451.jpg,1
7920.jpg,7921.jpg,1
24840.jpg,24841.jpg,0
20790.jpg,20791.jpg,0
14090.jpg,14091.jpg,1
23390.jpg,23391.jpg,0
3560.jpg,3561.jpg,0
23220.jpg,23221.jpg,0
8680.jpg,8681.jpg,0
3380.jpg,3381.jpg,0
24630.jpg,24631.jpg,0
8690.jpg,8691.jpg,0
8980.jpg,8981.jpg,0
24550.jpg,24551.jpg,0
12380.jpg,12381.jpg,1
11970.jpg,11971.jpg,0
1390.jpg,1391.jpg,0
3210.jpg,3211.jpg,1
12840.jpg,12841.jpg,0
16300.jpg,16301.jpg,0
12070.jpg,12071.jpg,0
14630.jpg,14631.jpg,1
16720.jpg,16721.jpg,0
160.jpg,161.jpg,0
11700.jpg,11701.jpg,1
14410.jpg,14411.jpg,1
6110.jpg,6111.jpg,1
6620.jpg,6621.jpg,0
19630.jpg,19631.jpg,0
3810.jpg,3811.jpg,0
20410.jpg,20411.jpg,0
9930.jpg,9931.jpg,0
20850.jpg,20851.jpg,0
12290.jpg,12291.jpg,0
8490.jpg,8491.jpg,0
5670.jpg,5671.jpg,0
23870.jpg,23871.jpg,0
12950.jpg,12951.jpg,0
13160.jpg,13161.jpg,0
13690.jpg,13691.jpg,0
14530.jpg,14531.jpg,0
23640.jpg,23641.jpg,0
6040.jpg,6041.jpg,0
24450.jpg,24451.jpg,0
2750.jpg,2751.jpg,0
18850.jpg,18851.jpg,0
11840.jpg,11841.jpg,0
3320.jpg,3321.jpg,0
2800.jpg,2801.jpg,0
21910.jpg,21911.jpg,0
18910.jpg,18911.jpg,0
8330.jpg,8331.jpg,0
13880.jpg,13881.jpg,0
6740.jpg,6741.jpg,1
18090.jpg,18091.jpg,0
18160.jpg,18161.jpg,1
18710.jpg,18711.jpg,0
21420.jpg,21421.jpg,1
22060.jpg,22061.jpg,0
18810.jpg,18811.jpg,0
9740.jpg,9741.jpg,0
17230.jpg,17231.jpg,0
13780.jpg,13781.jpg,0
19590.jpg,19591.jpg,0
210.jpg,211.jpg,1
10070.jpg,10071.jpg,1
14570.jpg,14571.jpg,0
12540.jpg,12541.jpg,0
17720.jpg,17721.jpg,0
110.jpg,111.jpg,0
10850.jpg,10851.jpg,0
7460.jpg,7461.jpg,1
19160.jpg,19161.jpg,0
3680.jpg,3681.jpg,0
19930.jpg,19931.jpg,0
9780.jpg,9781.jpg,1
12520.jpg,12521.jpg,0
6530.jpg,6531.jpg,1
22110.jpg,22111.jpg,1
12690.jpg,12691.jpg,0
16320.jpg,16321.jpg,1
13290.jpg,13291.jpg,0
8550.jpg,8551.jpg,1
15010.jpg,15011.jpg,0
5930.jpg,5931.jpg,0
19420.jpg,19421.jpg,0
6310.jpg,6311.jpg,1
8250.jpg,8251.jpg,0
16200.jpg,16201.jpg,0
10900.jpg,10901.jpg,0
6200.jpg,6201.jpg,1
15210.jpg,15211.jpg,0
13090.jpg,13091.jpg,0
20570.jpg,20571.jpg,0
7350.jpg,7351.jpg,0
4980.jpg,4981.jpg,1
12570.jpg,12571.jpg,0
3930.jpg,3931.jpg,0
24240.jpg,24241.jpg,0
9300.jpg,9301.jpg,0
11870.jpg,11871.jpg,1
17970.jpg,17971.jpg,0
8120.jpg,8121.jpg,0
730.jpg,731.jpg,1
16270.jpg,16271.jpg,0
23450.jpg,23451.jpg,0
23210.jpg,23211.jpg,0
23250.jpg,23251.jpg,0
1910.jpg,1911.jpg,0
5160.jpg,5161.jpg,1
12820.jpg,12821.jpg,0
23310.jpg,23311.jpg,0
4660.jpg,4661.jpg,0
15970.jpg,15971.jpg,0
7130.jpg,7131.jpg,0
21760.jpg,21761.jpg,1
11390.jpg,11391.jpg,0
15700.jpg,15701.jpg,0
1290.jpg,1291.jpg,1
12090.jpg,12091.jpg,0
13420.jpg,13421.jpg,0
7600.jpg,7601.jpg,0
7180.jpg,7181.jpg,1
15000.jpg,15001.jpg,0
1630.jpg,1631.jpg,1
13640.jpg,13641.jpg,0
18400.jpg,18401.jpg,0
20700.jpg,20701.jpg,0
20920.jpg,20921.jpg,0
23920.jpg,23921.jpg,1
10970.jpg,10971.jpg,0
19530.jpg,19531.jpg,0
8150.jpg,8151.jpg,0
14110.jpg,14111.jpg,0
19240.jpg,19241.jpg,0
9630.jpg,9631.jpg,0
11530.jpg,11531.jpg,0
8400.jpg,8401.jpg,0
8580.jpg,8581.jpg,1
22360.jpg,22361.jpg,0
100.jpg,101.jpg,0
3550.jpg,3551.jpg,0
14450.jpg,14451.jpg,0
2820.jpg,2821.jpg,1
4920.jpg,4921.jpg,0
1890.jpg,1891.jpg,0
14170.jpg,14171.jpg,0
5560.jpg,5561.jpg,1
12480.jpg,12481.jpg,0
24930.jpg,24931.jpg,1
8770.jpg,8771.jpg,0
14930.jpg,14931.jpg,0
1360.jpg,1361.jpg,0
20630.jpg,20631.jpg,0
940.jpg,941.jpg,0
24430.jpg,24431.jpg,0
6710.jpg,6711.jpg,0
11520.jpg,11521.jpg,0
1080.jpg,1081.jpg,1
2760.jpg,2761.jpg,0
4650.jpg,4651.jpg,0
10200.jpg,10201.jpg,0
22510.jpg,22511.jpg,1
480.jpg,481.jpg,0
9730.jpg,9731.jpg,1
16780.jpg,16781.jpg,0
17170.jpg,17171.jpg,0
3780.jpg,3781.jpg,0
4710.jpg,4711.jpg,1
22400.jpg,22401.jpg,0
11790.jpg,11791.jpg,1
21200.jpg,21201.jpg,1
6780.jpg,6781.jpg,0
5340.jpg,5341.jpg,0
6630.jpg,6631.jpg,0
340.jpg,341.jpg,1
20430.jpg,20431.jpg,0
16600.jpg,16601.jpg,1
9280.jpg,9281.jpg,1
23930.jpg,23931.jpg,0
22440.jpg,22441.jpg,0
4620.jpg,4621.jpg,0
18310.jpg,18311.jpg,0
3710.jpg,3711.jpg,1
6400.jpg,6401.jpg,0
24460.jpg,24461.jpg,0
24120.jpg,24121.jpg,0
2200.jpg,2201.jpg,0
10620.jpg,10621.jpg,1
9510.jpg,9511.jpg,1
8620.jpg,8621.jpg,0
11350.jpg,11351.jpg,0
4690.jpg,4691.jpg,0
19830.jpg,19831.jpg,0
20660.jpg,20661.jpg,0
22670.jpg,22671.jpg,0
21060.jpg,21061.jpg,1
1430.jpg,1431.jpg,0
8420.jpg,8421.jpg,1
9960.jpg,9961.jpg,0
10150.jpg,10151.jpg,0
3840.jpg,3841.jpg,0
14050.jpg,14051.jpg,0
5620.jpg,5621.jpg,0
9990.jpg,9991.jpg,0
9560.jpg,9561.jpg,0
20320.jpg,20321.jpg,0
2330.jpg,2331.jpg,1
5450.jpg,5451.jpg,1
6650.jpg,6651.jpg,0
12750.jpg,12751.jpg,0
580.jpg,581.jpg,0
6360.jpg,6361.jpg,0
19380.jpg,19381.jpg,0
1960.jpg,1961.jpg,1
7530.jpg,7531.jpg,1
8310.jpg,8311.jpg,0
1760.jpg,1761.jpg,0
5120.jpg,5121.jpg,0
14560.jpg,14561.jpg,0
5320.jpg,5321.jpg,0
17220.jpg,17221.jpg,0
21430.jpg,21431.jpg,0
18530.jpg,18531.jpg,0
23600.jpg,23601.jpg,0
5920.jpg,5921.jpg,0
16950.jpg,16951.jpg,0
790.jpg,791.jpg,0
20910.jpg,20911.jpg,0
13580.jpg,13581.jpg,0
12430.jpg,12431.jpg,1
11050.jpg,11051.jpg,1
12590.jpg,12591.jpg,0
17810.jpg,17811.jpg,0
690.jpg,691.jpg,0
15310.jpg,15311.jpg,0
5170.jpg,5171.jpg,0
320.jpg,321.jpg,0
1500.jpg,1501.jpg,0
18050.jpg,18051.jpg,0
6480.jpg,6481.jpg,1
23740.jpg,23741.jpg,0
12220.jpg,12221.jpg,0
4720.jpg,4721.jpg,1
1240.jpg,1241.jpg,1
20470.jpg,20471.jpg,0
10240.jpg,10241.jpg,0
4950.jpg,4951.jpg,1
21500.jpg,21501.jpg,0
10040.jpg,10041.jpg,1
20480.jpg,20481.jpg,0
5360.jpg,5361.jpg,0
5630.jpg,5631.jpg,1
4110.jpg,4111.jpg,0
23830.jpg,23831.jpg,0
11380.jpg,11381.jpg,0
6840.jpg,6841.jpg,0
18580.jpg,18581.jpg,0
8290.jpg,8291.jpg,0
19490.jpg,19491.jpg,0
24740.jpg,24741.jpg,0
21580.jpg,21581.jpg,0
2540.jpg,2541.jpg,0
7150.jpg,7151.jpg,0
13400.jpg,13401.jpg,0
16680.jpg,16681.jpg,0
2770.jpg,2771.jpg,1
12920.jpg,12921.jpg,0
19450.jpg,19451.jpg,0
10600.jpg,10601.jpg,0
1800.jpg,1801.jpg,0
18450.jpg,18451.jpg,0
18870.jpg,18871.jpg,0
19060.jpg,19061.jpg,0
10570.jpg,10571.jpg,0
4060.jpg,4061.jpg,0
20990.jpg,20991.jpg,0
14820.jpg,14821.jpg,0
7970.jpg,7971.jpg,0
16020.jpg,16021.jpg,0
450.jpg,451.jpg,0
2730.jpg,2731.jpg,0
16370.jpg,16371.jpg,0
21860.jpg,21861.jpg,0
11250.jpg,11251.jpg,0
4170.jpg,4171.jpg,1
3600.jpg,3601.jpg,0
7860.jpg,7861.jpg,1
17350.jpg,17351.jpg,0
23130.jpg,23131.jpg,0
19770.jpg,19771.jpg,0
12330.jpg,12331.jpg,0
2440.jpg,2441.jpg,0
20740.jpg,20741.jpg,0
13000.jpg,13001.jpg,1
16530.jpg,16531.jpg,0
16360.jpg,16361.jpg,0
5350.jpg,5351.jpg,1
2510.jpg,2511.jpg,0
9610.jpg,9611.jpg,0
20150.jpg,20151.jpg,1
14840.jpg,14841.jpg,1
17900.jpg,17901.jpg,0
18600.jpg,18601.jpg,0
10120.jpg,10121.jpg,0
970.jpg,971.jpg,1
5960.jpg,5961.jpg,0
5060.jpg,5061.jpg,1
3430.jpg,3431.jpg,1
13890.jpg,13891.jpg,1
20020.jpg,20021.jpg,0
12150.jpg,12151.jpg,0
1180.jpg,1181.jpg,0
22450.jpg,22451.jpg,0
2350.jpg,2351.jpg,0
3900.jpg,3901.jpg,0
4330.jpg,4331.jpg,1
2240.jpg,2241.jpg,0
6380.jpg,6381.jpg,1
23090.jpg,23091.jpg,0
4550.jpg,4551.jpg,0
5440.jpg,5441.jpg,1
11320.jpg,11321.jpg,0
20750.jpg,20751.jpg,0
18750.jpg,18751.jpg,0
4070.jpg,4071.jpg,0
23460.jpg,23461.jpg,0
10420.jpg,10421.jpg,1
10230.jpg,10231.jpg,0
1000.jpg,1001.jpg,1
13870.jpg,13871.jpg,0
15650.jpg,15651.jpg,0
7390.jpg,7391.jpg,0
24390.jpg,24391.jpg,0
9520.jpg,9521.jpg,1
9860.jpg,9861.jpg,0
23790.jpg,23791.jpg,1
19920.jpg,19921.jpg,0
10470.jpg,10471.jpg,0
6450.jpg,6451.jpg,0
11610.jpg,11611.jpg,0
19170.jpg,19171.jpg,0
18380.jpg,18381.jpg,0
14190.jpg,14191.jpg,0
5600.jpg,5601.jpg,0
2390.jpg,2391.jpg,0
610.jpg,611.jpg,0
8950.jpg,8951.jpg,0
20730.jpg,20731.jpg,1
3970.jpg,3971.jpg,0
22240.jpg,22241.jpg,0
13480.jpg,13481.jpg,0
24940.jpg,24941.jpg,0
9700.jpg,9701.jpg,0
6910.jpg,6911.jpg,0
6220.jpg,6221.jpg,0
15830.jpg,15831.jpg,0
15460.jpg,15461.jpg,0
1170.jpg,1171.jpg,0
8350.jpg,8351.jpg,1
21080.jpg,21081.jpg,0
4290.jpg,4291.jpg,1
20140.jpg,20141.jpg,0
15630.jpg,15631.jpg,0
24270.jpg,24271.jpg,0
16970.jpg,16971.jpg,0
16460.jpg,16461.jpg,0
16500.jpg,16501.jpg,0
4580.jpg,4581.jpg,0
10760.jpg,10761.jpg,0
19560.jpg,19561.jpg,0
15440.jpg,15441.jpg,0
12730.jpg,12731.jpg,0
4210.jpg,4211.jpg,1
10340.jpg,10341.jpg,1
12940.jpg,12941.jpg,0
7950.jpg,7951.jpg,0
15130.jpg,15131.jpg,0
4310.jpg,4311.jpg,0
2980.jpg,2981.jpg,0
15470.jpg,15471.jpg,0
5800.jpg,5801.jpg,0
13510.jpg,13511.jpg,0
9240.jpg,9241.jpg,0
21410.jpg,21411.jpg,0
6090.jpg,6091.jpg,0
24530.jpg,24531.jpg,0
18730.jpg,18731.jpg,0
5650.jpg,5651.jpg,0
300.jpg,301.jpg,1
22260.jpg,22261.jpg,0
20950.jpg,20951.jpg,0
15030.jpg,15031.jpg,0
9250.jpg,9251.jpg,0
1120.jpg,1121.jpg,1
19700.jpg,19701.jpg,0
3860.jpg,3861.jpg,1
8990.jpg,8991.jpg,0
9660.jpg,9661.jpg,1
2940.jpg,2941.jpg,0
2170.jpg,2171.jpg,0
17310.jpg,17311.jpg,1
17870.jpg,17871.jpg,1
1700.jpg,1701.jpg,0
13140.jpg,13141.jpg,1
22830.jpg,22831.jpg,0
19070.jpg,19071.jpg,0
21170.jpg,21171.jpg,0
17450.jpg,17451.jpg,0
2910.jpg,2911.jpg,0
13790.jpg,13791.jpg,0
13220.jpg,13221.jpg,0
24100.jpg,24101.jpg,0
13610.jpg,13611.jpg,0
810.jpg,811.jpg,1
7470.jpg,7471.jpg,0
6720.jpg,6721.jpg,0
2130.jpg,2131.jpg,0
8450.jpg,8451.jpg,0
1190.jpg,1191.jpg,1
18770.jpg,18771.jpg,0
20580.jpg,20581.jpg,0
1610.jpg,1611.jpg,1
8760.jpg,8761.jpg,0
15390.jpg,15391.jpg,0
1720.jpg,1721.jpg,1
7590.jpg,7591.jpg,0
9120.jpg,9121.jpg,0
6920.jpg,6921.jpg,0
22470.jpg,22471.jpg,0
9070.jpg,9071.jpg,1
4500.jpg,4501.jpg,0
5280.jpg,5281.jpg,0
10770.jpg,10771.jpg,0
24560.jpg,24561.jpg,0
15820.jpg,15821.jpg,1
19190.jpg,19191.jpg,0
23760.jpg,23761.jpg,0
20640.jpg,20641.jpg,0
9950.jpg,9951.jpg,1
6280.jpg,6281.jpg,0
22650.jpg,22651.jpg,0
21210.jpg,21211.jpg,0
16880.jpg,16881.jpg,0
5820.jpg,5821.jpg,0
13570.jpg,13571.jpg,0
24860.jpg,24861.jpg,0
20490.jpg,20491.jpg,1
6600.jpg,6601.jpg,0
11110.jpg,11111.jpg,1
16660.jpg,16661.jpg,0
16180.jpg,16181.jpg,0
12780.jpg,12781.jpg,0
18370.jpg,18371.jpg,0
16430.jpg,16431.jpg,0
14080.jpg,14081.jpg,0
17330.jpg,17331.jpg,0
9110.jpg,9111.jpg,0
14920.jpg,14921.jpg,0
22970.jpg,22971.jpg,0
15380.jpg,15381.jpg,1
3400.jpg,3401.jpg,1
19950.jpg,19951.jpg,0
15220.jpg,15221.jpg,0
360.jpg,361.jpg,0
2010.jpg,2011.jpg,0
5000.jpg,5001.jpg,0
14510.jpg,14511.jpg,0
10460.jpg,10461.jpg,0
17510.jpg,17511.jpg,0
3020.jpg,3021.jpg,0
13370.jpg,13371.jpg,0
10170.jpg,10171.jpg,0
17480.jpg,17481.jpg,1
4850.jpg,4851.jpg,1
19390.jpg,19391.jpg,0
12700.jpg,12701.jpg,0
22020.jpg,22021.jpg,0
24910.jpg,24911.jpg,0
16190.jpg,16191.jpg,0
17470.jpg,17471.jpg,0
13700.jpg,13701.jpg,0
15170.jpg,15171.jpg,0
7170.jpg,7171.jpg,0
16480.jpg,16481.jpg,0
10980.jpg,10981.jpg,0
8960.jpg,8961.jpg,0
10580.jpg,10581.jpg,0
24980.jpg,24981.jpg,0
11080.jpg,11081.jpg,1
10000.jpg,10001.jpg,1
10060.jpg,10061.jpg,0
19900.jpg,19901.jpg,0
2460.jpg,2461.jpg,0
2190.jpg,2191.jpg,1
10740.jpg,10741.jpg,0
23480.jpg,23481.jpg,0
8750.jpg,8751.jpg,0
12010.jpg,12011.jpg,0
7050.jpg,7051.jpg,0
21160.jpg,21161.jpg,0
20280.jpg,20281.jpg,0
3110.jpg,3111.jpg,0
10660.jpg,10661.jpg,0
9270.jpg,9271.jpg,1
1770.jpg,1771.jpg,0
8660.jpg,8661.jpg,0
21820.jpg,21821.jpg,1
7370.jpg,7371.jpg,0
19940.jpg,19941.jpg,0
10100.jpg,10101.jpg,0
13460.jpg,13461.jpg,0
8480.jpg,8481.jpg,0
20670.jpg,20671.jpg,0
15090.jpg,15091.jpg,0
7000.jpg,7001.jpg,0
9770.jpg,9771.jpg,1
5530.jpg,5531.jpg,0
9170.jpg,9171.jpg,1
22410.jpg,22411.jpg,0
2530.jpg,2531.jpg,0
23370.jpg,23371.jpg,0
14800.jpg,14801.jpg,0
3070.jpg,3071.jpg,0
12160.jpg,12161.jpg,1
8280.jpg,8281.jpg,0
10830.jpg,10831.jpg,0
19550.jpg,19551.jpg,0
16100.jpg,16101.jpg,0
4300.jpg,4301.jpg,0
20540.jpg,20541.jpg,0
4020.jpg,4021.jpg,0
21780.jpg,21781.jpg,0
12500.jpg,12501.jpg,0
19670.jpg,19671.jpg,0
8850.jpg,8851.jpg,0
11720.jpg,11721.jpg,0
9690.jpg,9691.jpg,0
8080.jpg,8081.jpg,0
21520.jpg,21521.jpg,0
13120.jpg,13121.jpg,0
4260.jpg,4261.jpg,0
13560.jpg,13561.jpg,0
20060.jpg,20061.jpg,0
5030.jpg,5031.jpg,1
24080.jpg,24081.jpg,0
12030.jpg,12031.jpg,0
6870.jpg,6871.jpg,1
25000.jpg,25001.jpg,0
1460.jpg,1461.jpg,0
23520.jpg,23521.jpg,0
3120.jpg,3121.jpg,0
24010.jpg,24011.jpg,0
11290.jpg,11291.jpg,0
13170.jpg,13171.jpg,0
20080.jpg,20081.jpg,0
15870.jpg,15871.jpg,0
4590.jpg,4591.jpg,1
330.jpg,331.jpg,0
630.jpg,631.jpg,0
20680.jpg,20681.jpg,0
3030.jpg,3031.jpg,0
3750.jpg,3751.jpg,0
3610.jpg,3611.jpg,0
24990.jpg,24991.jpg,0
18990.jpg,18991.jpg,0
17020.jpg,17021.jpg,0
11180.jpg,11181.jpg,0
17060.jpg,17061.jpg,0
8010.jpg,8011.jpg,0
13970.jpg,13971.jpg,0
9350.jpg,9351.jpg,0
770.jpg,771.jpg,0
17100.jpg,17101.jpg,1
13810.jpg,13811.jpg,0
19020.jpg,19021.jpg,0
21180.jpg,21181.jpg,0
2150.jpg,2151.jpg,1
5480.jpg,5481.jpg,0
12630.jpg,12631.jpg,0
15730.jpg,15731.jpg,0
16170.jpg,16171.jpg,0
22740.jpg,22741.jpg,0
17040.jpg,17041.jpg,1
15570.jpg,15571.jpg,0
17610.jpg,17611.jpg,1
660.jpg,661.jpg,0
1250.jpg,1251.jpg,0
6690.jpg,6691.jpg,0
700.jpg,701.jpg,0
24410.jpg,24411.jpg,0
17670.jpg,17671.jpg,0
4190.jpg,4191.jpg,1
1030.jpg,1031.jpg,0
11130.jpg,11131.jpg,0
24050.jpg,24051.jpg,0
1850.jpg,1851.jpg,0
17530.jpg,17531.jpg,0
23330.jpg,23331.jpg,0
5850.jpg,5851.jpg,0
5580.jpg,5581.jpg,1
620.jpg,621.jpg,0
11510.jpg,11511.jpg,0
17890.jpg,17891.jpg,1
17580.jpg,17581.jpg,0
14850.jpg,14851.jpg,0
3160.jpg,3161.jpg,0
22150.jpg,22151.jpg,0
10810.jpg,10811.jpg,0
21100.jpg,21101.jpg,1
3370.jpg,3371.jpg,0
5710.jpg,5711.jpg,1
14060.jpg,14061.jpg,0
9480.jpg,9481.jpg,0
7930.jpg,7931.jpg,1
6890.jpg,6891.jpg,0
12270.jpg,12271.jpg,1
14040.jpg,14041.jpg,0
1830.jpg,1831.jpg,0
20000.jpg,20001.jpg,0
21830.jpg,21831.jpg,0
24610.jpg,24611.jpg,0
19790.jpg,19791.jpg,0
670.jpg,671.jpg,0
23860.jpg,23861.jpg,0
2270.jpg,2271.jpg,0
13520.jpg,13521.jpg,0
3830.jpg,3831.jpg,1
14250.jpg,14251.jpg,0
23230.jpg,23231.jpg,0
22300.jpg,22301.jpg,0
16220.jpg,16221.jpg,0
15880.jpg,15881.jpg,0
16620.jpg,16621.jpg,0
14860.jpg,14861.jpg,1
17540.jpg,17541.jpg,1
7140.jpg,7141.jpg,0
11460.jpg,11461.jpg,0
5950.jpg,5951.jpg,0
10630.jpg,10631.jpg,1
16860.jpg,16861.jpg,0
11140.jpg,11141.jpg,0
8440.jpg,8441.jpg,0
21960.jpg,21961.jpg,0
10410.jpg,10411.jpg,0
23010.jpg,23011.jpg,0
15920.jpg,15921.jpg,1
22050.jpg,22051.jpg,0
11060.jpg,11061.jpg,0
8210.jpg,8211.jpg,0
17800.jpg,17801.jpg,0
7480.jpg,7481.jpg,0
4050.jpg,4051.jpg,0
13840.jpg,13841.jpg,0
15350.jpg,15351.jpg,0
21510.jpg,21511.jpg,0
5570.jpg,5571.jpg,0
3500.jpg,3501.jpg,0
4130.jpg,4131.jpg,0
13100.jpg,13101.jpg,0
18100.jpg,18101.jpg,0
19330.jpg,19331.jpg,0
22550.jpg,22551.jpg,0
14680.jpg,14681.jpg,0
17960.jpg,17961.jpg,0
9920.jpg,9921.jpg,0
13550.jpg,13551.jpg,0
20290.jpg,20291.jpg,0
22710.jpg,22711.jpg,0
15600.jpg,15601.jpg,0
7340.jpg,7341.jpg,0
3880.jpg,3881.jpg,0
4230.jpg,4231.jpg,0
9330.jpg,9331.jpg,1
8810.jpg,8811.jpg,0
4910.jpg,4911.jpg,0
7840.jpg,7841.jpg,1
15860.jpg,15861.jpg,0
650.jpg,651.jpg,0
17440.jpg,17441.jpg,0
21280.jpg,21281.jpg,0
21250.jpg,21251.jpg,0
16890.jpg,16891.jpg,0
920.jpg,921.jpg,1
16160.jpg,16161.jpg,1
11400.jpg,11401.jpg,0
8160.jpg,8161.jpg,0
820.jpg,821.jpg,0
20250.jpg,20251.jpg,0
10800.jpg,10801.jpg,0
5760.jpg,5761.jpg,1
12910.jpg,12911.jpg,0
12140.jpg,12141.jpg,0
4380.jpg,4381.jpg,0
4350.jpg,4351.jpg,0
6300.jpg,6301.jpg,0
8820.jpg,8821.jpg,0
21600.jpg,21601.jpg,0
24310.jpg,24311.jpg,0
18330.jpg,18331.jpg,0
22580.jpg,22581.jpg,0
3350.jpg,3351.jpg,1
3660.jpg,3661.jpg,0
12490.jpg,12491.jpg,0
2660.jpg,2661.jpg,0
16080.jpg,16081.jpg,1
430.jpg,431.jpg,0
16980.jpg,16981.jpg,0
23320.jpg,23321.jpg,0
14910.jpg,14911.jpg,0
21360.jpg,21361.jpg,0
12800.jpg,12801.jpg,0
570.jpg,571.jpg,0
19720.jpg,19721.jpg,1
23970.jpg,23971.jpg,0
19410.jpg,19411.jpg,0
19120.jpg,19121.jpg,0
9370.jpg,9371.jpg,1
7710.jpg,7711.jpg,0
6050.jpg,6051.jpg,1
1840.jpg,1841.jpg,0
19860.jpg,19861.jpg,1
20310.jpg,20311.jpg,0
8970.jpg,8971.jpg,0
8460.jpg,8461.jpg,1
19880.jpg,19881.jpg,0
10020.jpg,10021.jpg,0
16610.jpg,16611.jpg,0
4400.jpg,4401.jpg,0
11120.jpg,11121.jpg,0
17920.jpg,17921.jpg,1
15740.jpg,15741.jpg,0
7910.jpg,7911.jpg,0
14710.jpg,14711.jpg,0
4340.jpg,4341.jpg,0
13320.jpg,13321.jpg,0
15480.jpg,15481.jpg,0
15670.jpg,15671.jpg,0
23180.jpg,23181.jpg,0
18070.jpg,18071.jpg,0
350.jpg,351.jpg,1
150.jpg,151.jpg,0
8840.jpg,8841.jpg,1
4200.jpg,4201.jpg,0
18500.jpg,18501.jpg,1
7960.jpg,7961.jpg,0
24330.jpg,24331.jpg,0
20070.jpg,20071.jpg,1
17630.jpg,17631.jpg,0
19220.jpg,19221.jpg,0
16710.jpg,16711.jpg,0
140.jpg,141.jpg,0
9830.jpg,9831.jpg,0
18790.jpg,18791.jpg,1
21750.jpg,21751.jpg,0
15610.jpg,15611.jpg,0
22810.jpg,22811.jpg,0
24380.jpg,24381.jpg,0
9340.jpg,9341.jpg,1
22860.jpg,22861.jpg,0
7560.jpg,7561.jpg,0
17460.jpg,17461.jpg,0
3360.jpg,3361.jpg,0
15260.jpg,15261.jpg,0
16350.jpg,16351.jpg,0
16670.jpg,16671.jpg,0
14970.jpg,14971.jpg,0
3460.jpg,3461.jpg,0
15430.jpg,15431.jpg,0
9670.jpg,9671.jpg,0
15080.jpg,15081.jpg,0
7300.jpg,7301.jpg,0
20960.jpg,20961.jpg,0
18040.jpg,18041.jpg,0
13060.jpg,13061.jpg,0
24900.jpg,24901.jpg,1
8730.jpg,8731.jpg,0
13760.jpg,13761.jpg,0
3340.jpg,3341.jpg,1
13150.jpg,13151.jpg,0
9210.jpg,9211.jpg,1
5430.jpg,5431.jpg,1
13950.jpg,13951.jpg,0
22990.jpg,22991.jpg,0
20220.jpg,20221.jpg,0
14940.jpg,14941.jpg,0
13440.jpg,13441.jpg,0
1640.jpg,1641.jpg,1
7400.jpg,7401.jpg,0
6100.jpg,6101.jpg,0
19430.jpg,19431.jpg,1
17290.jpg,17291.jpg,0
4780.jpg,4781.jpg,0
5690.jpg,5691.jpg,0
8720.jpg,8721.jpg,0
1440.jpg,1441.jpg,1
19600.jpg,19601.jpg,0
2500.jpg,2501.jpg,0
20870.jpg,20871.jpg,0
5830.jpg,5831.jpg,0
17790.jpg,17791.jpg,0
17430.jpg,17431.jpg,0
12250.jpg,12251.jpg,1
11570.jpg,11571.jpg,0
1620.jpg,1621.jpg,0
8000.jpg,8001.jpg,0
6850.jpg,6851.jpg,0
16070.jpg,16071.jpg,0
23670.jpg,23671.jpg,0
3140.jpg,3141.jpg,1
8500.jpg,8501.jpg,0
17780.jpg,17781.jpg,0
5550.jpg,5551.jpg,1
20930.jpg,20931.jpg,0
11590.jpg,11591.jpg,0
23650.jpg,23651.jpg,0
19760.jpg,19761.jpg,1
1970.jpg,1971.jpg,1
15500.jpg,15501.jpg,0
8020.jpg,8021.jpg,0
14290.jpg,14291.jpg,0
11880.jpg,11881.jpg,0
5330.jpg,5331.jpg,1
9060.jpg,9061.jpg,0
17550.jpg,17551.jpg,0
15980.jpg,15981.jpg,0
12420.jpg,12421.jpg,1
10750.jpg,10751.jpg,0
950.jpg,951.jpg,0
24480.jpg,24481.jpg,0
16110.jpg,16111.jpg,0
8540.jpg,8541.jpg,1
16420.jpg,16421.jpg,0
2860.jpg,2861.jpg,0
2990.jpg,2991.jpg,0
24220.jpg,24221.jpg,1
7540.jpg,7541.jpg,0
8220.jpg,8221.jpg,0
19520.jpg,19521.jpg,0
5840.jpg,5841.jpg,0
17760.jpg,17761.jpg,0
4490.jpg,4491.jpg,1
850.jpg,851.jpg,0
4970.jpg,4971.jpg,0
1660.jpg,1661.jpg,1
17110.jpg,17111.jpg,0
5240.jpg,5241.jpg,1
23590.jpg,23591.jpg,0
20360.jpg,20361.jpg,1
20390.jpg,20391.jpg,0
10870.jpg,10871.jpg,1
24640.jpg,24641.jpg,0
2630.jpg,2631.jpg,0
7060.jpg,7061.jpg,0
3270.jpg,3271.jpg,0
22170.jpg,22171.jpg,1
14380.jpg,14381.jpg,1
11640.jpg,11641.jpg,0
18230.jpg,18231.jpg,0
8040.jpg,8041.jpg,0
3960.jpg,3961.jpg,0
7090.jpg,7091.jpg,0
6460.jpg,6461.jpg,1
17950.jpg,17951.jpg,0
7810.jpg,7811.jpg,0
15530.jpg,15531.jpg,0
7790.jpg,7791.jpg,0
19780.jpg,19781.jpg,0
5180.jpg,5181.jpg,0
2090.jpg,2091.jpg,0
17340.jpg,17341.jpg,1
2050.jpg,2051.jpg,1
17010.jpg,17011.jpg,1
23550.jpg,23551.jpg,0
23070.jpg,23071.jpg,1
18930.jpg,18931.jpg,0
20260.jpg,20261.jpg,0
9540.jpg,9541.jpg,1
9640.jpg,9641.jpg,0
11150.jpg,11151.jpg,1
9180.jpg,9181.jpg,0
5510.jpg,5511.jpg,1
6930.jpg,6931.jpg,0
740.jpg,741.jpg,0
22760.jpg,22761.jpg,0
9980.jpg,9981.jpg,0
4010.jpg,4011.jpg,1
5150.jpg,5151.jpg,1
23780.jpg,23781.jpg,0
7650.jpg,7651.jpg,0
11750.jpg,11751.jpg,0
17360.jpg,17361.jpg,0
8360.jpg,8361.jpg,0
7770.jpg,7771.jpg,0
5780.jpg,5781.jpg,0
21140.jpg,21141.jpg,0
22630.jpg,22631.jpg,0
24400.jpg,24401.jpg,0
15320.jpg,15321.jpg,0
23500.jpg,23501.jpg,0
13020.jpg,13021.jpg,0
22220.jpg,22221.jpg,0
5220.jpg,5221.jpg,1
22490.jpg,22491.jpg,0
15060.jpg,15061.jpg,0
21400.jpg,21401.jpg,0
19200.jpg,19201.jpg,0
18620.jpg,18621.jpg,0
12680.jpg,12681.jpg,1
22620.jpg,22621.jpg,0
1710.jpg,1711.jpg,0
14100.jpg,14101.jpg,0
15890.jpg,15891.jpg,0
1730.jpg,1731.jpg,0
11710.jpg,11711.jpg,0
4760.jpg,4761.jpg,0
6150.jpg,6151.jpg,1
4790.jpg,4791.jpg,0
14140.jpg,14141.jpg,0
10710.jpg,10711.jpg,0
6370.jpg,6371.jpg,0
10110.jpg,10111.jpg,1
11620.jpg,11621.jpg,0
23380.jpg,23381.jpg,0
7610.jpg,7611.jpg,0
20900.jpg,20901.jpg,0
3800.jpg,3801.jpg,0
13450.jpg,13451.jpg,0
11480.jpg,11481.jpg,1
21700.jpg,21701.jpg,0
1590.jpg,1591.jpg,0
1920.jpg,1921.jpg,0
14690.jpg,14691.jpg,0
14770.jpg,14771.jpg,0
14330.jpg,14331.jpg,0
9800.jpg,9801.jpg,1
13240.jpg,13241.jpg,1
18290.jpg,18291.jpg,0
14370.jpg,14371.jpg,0
1270.jpg,1271.jpg,0
15790.jpg,15791.jpg,0
4900.jpg,4901.jpg,1
18900.jpg,18901.jpg,0
2360.jpg,2361.jpg,0
3850.jpg,3851.jpg,0
22920.jpg,22921.jpg,0
12320.jpg,12321.jpg,1
14240.jpg,14241.jpg,0
2710.jpg,2711.jpg,0
14270.jpg,14271.jpg,0
4100.jpg,4101.jpg,0
1410.jpg,1411.jpg,0
1530.jpg,1531.jpg,0
4670.jpg,4671.jpg,0
20970.jpg,20971.jpg,0
4730.jpg,4731.jpg,1
23850.jpg,23851.jpg,0
6790.jpg,6791.jpg,0
6500.jpg,6501.jpg,0
18670.jpg,18671.jpg,0
8090.jpg,8091.jpg,0
18220.jpg,18221.jpg,0
20820.jpg,20821.jpg,1
14950.jpg,14951.jpg,0
3150.jpg,3151.jpg,0
4770.jpg,4771.jpg,1
10640.jpg,10641.jpg,1
21370.jpg,21371.jpg,0
16090.jpg,16091.jpg,0
21450.jpg,21451.jpg,0
17120.jpg,17121.jpg,1
11830.jpg,11831.jpg,1
240.jpg,241.jpg,1
13680.jpg,13681.jpg,0
24720.jpg,24721.jpg,0
22030.jpg,22031.jpg,0
6550.jpg,6551.jpg,0
24140.jpg,24141.jpg,0
14340.jpg,14341.jpg,1
9440.jpg,9441.jpg,0
16410.jpg,16411.jpg,0
13720.jpg,13721.jpg,0
6410.jpg,6411.jpg,1
15400.jpg,15401.jpg,0
15510.jpg,15511.jpg,1
23260.jpg,23261.jpg,0
7450.jpg,7451.jpg,0
6540.jpg,6541.jpg,0
3980.jpg,3981.jpg,1
7270.jpg,7271.jpg,0
6260.jpg,6261.jpg,0
3200.jpg,3201.jpg,0
4530.jpg,4531.jpg,0
10490.jpg,10491.jpg,0
14310.jpg,14311.jpg,0
3010.jpg,3011.jpg,1
10930.jpg,10931.jpg,0
18210.jpg,18211.jpg,0
22730.jpg,22731.jpg,0
24280.jpg,24281.jpg,0
16700.jpg,16701.jpg,0
17490.jpg,17491.jpg,0
11100.jpg,11101.jpg,0
15690.jpg,15691.jpg,0
19090.jpg,19091.jpg,1
5900.jpg,5901.jpg,0
2080.jpg,2081.jpg,1
14300.jpg,14301.jpg,1
13180.jpg,13181.jpg,1
11300.jpg,11301.jpg,0
50.jpg,51.jpg,0
18640.jpg,18641.jpg,0
6970.jpg,6971.jpg,0
90.jpg,91.jpg,0
17590.jpg,17591.jpg,1
21940.jpg,21941.jpg,0
13030.jpg,13031.jpg,0
15330.jpg,15331.jpg,0
60.jpg,61.jpg,0
16450.jpg,16451.jpg,0
17990.jpg,17991.jpg,0
5070.jpg,5071.jpg,0
21310.jpg,21311.jpg,0
19010.jpg,19011.jpg,0
3690.jpg,3691.jpg,0
10950.jpg,10951.jpg,0
4560.jpg,4561.jpg,0
16140.jpg,16141.jpg,0
4440.jpg,4441.jpg,0
12000.jpg,12001.jpg,1
3240.jpg,3241.jpg,0
19270.jpg,19271.jpg,0
2230.jpg,2231.jpg,0
9290.jpg,9291.jpg,1
870.jpg,871.jpg,0
19570.jpg,19571.jpg,0
12440.jpg,12441.jpg,0
8190.jpg,8191.jpg,0
16790.jpg,16791.jpg,0
12020.jpg,12021.jpg,0
1880.jpg,1881.jpg,0
1470.jpg,1471.jpg,1
20160.jpg,20161.jpg,1
10550.jpg,10551.jpg,1
1310.jpg,1311.jpg,0
12360.jpg,12361.jpg,0
18350.jpg,18351.jpg,0
3730.jpg,3731.jpg,0
6940.jpg,6941.jpg,1
1130.jpg,1131.jpg,1
21460.jpg,21461.jpg,0
13490.jpg,13491.jpg,0
21810.jpg,21811.jpg,0
13110.jpg,13111.jpg,0
18340.jpg,18341.jpg,0
1940.jpg,1941.jpg,0
7120.jpg,7121.jpg,1
10790.jpg,10791.jpg,0
15070.jpg,15071.jpg,0
500.jpg,501.jpg,0
1990.jpg,1991.jpg,0
2420.jpg,2421.jpg,0
19140.jpg,19141.jpg,0
12660.jpg,12661.jpg,0
9020.jpg,9021.jpg,0
2380.jpg,2381.jpg,0
22500.jpg,22501.jpg,0
8170.jpg,8171.jpg,0
15370.jpg,15371.jpg,0
11980.jpg,11981.jpg,0
22690.jpg,22691.jpg,0
23900.jpg,23901.jpg,0
12930.jpg,12931.jpg,0
18010.jpg,18011.jpg,0
520.jpg,521.jpg,0
22520.jpg,22521.jpg,0
12600.jpg,12601.jpg,0
590.jpg,591.jpg,0
2340.jpg,2341.jpg,0
10680.jpg,10681.jpg,0
16650.jpg,16651.jpg,0
7160.jpg,7161.jpg,0
16150.jpg,16151.jpg,0
15190.jpg,15191.jpg,0
5940.jpg,5941.jpg,0
18020.jpg,18021.jpg,0
21380.jpg,21381.jpg,0
5520.jpg,5521.jpg,0
8880.jpg,8881.jpg,0
2870.jpg,2871.jpg,0
23470.jpg,23471.jpg,0
22770.jpg,22771.jpg,0
7070.jpg,7071.jpg,0
6140.jpg,6141.jpg,0
6810.jpg,6811.jpg,0
18390.jpg,18391.jpg,0
10690.jpg,10691.jpg,0
1550.jpg,1551.jpg,0
18200.jpg,18201.jpg,0
15250.jpg,15251.jpg,0
7110.jpg,7111.jpg,0
19150.jpg,19151.jpg,0
24830.jpg,24831.jpg,0
13190.jpg,13191.jpg,0
6010.jpg,6011.jpg,1
11310.jpg,11311.jpg,1
22130.jpg,22131.jpg,0
24470.jpg,24471.jpg,0
13900.jpg,13901.jpg,0
6070.jpg,6071.jpg,0
11160.jpg,11161.jpg,0
16630.jpg,16631.jpg,0
2430.jpg,2431.jpg,1
8180.jpg,8181.jpg,0
5290.jpg,5291.jpg,0
21920.jpg,21921.jpg,0
18430.jpg,18431.jpg,0
18800.jpg,18801.jpg,0
560.jpg,561.jpg,0
9650.jpg,9651.jpg,1
8650.jpg,8651.jpg,0
21730.jpg,21731.jpg,0
17200.jpg,17201.jpg,0
2790.jpg,2791.jpg,0
9600.jpg,9601.jpg,0
2560.jpg,2561.jpg,0
130.jpg,131.jpg,0
13470.jpg,13471.jpg,0
2060.jpg,2061.jpg,0
11910.jpg,11911.jpg,0
9460.jpg,9461.jpg,0
2180.jpg,2181.jpg,0
8410.jpg,8411.jpg,0
20860.jpg,20861.jpg,0
23020.jpg,23021.jpg,0
17750.jpg,17751.jpg,0
16770.jpg,16771.jpg,0
550.jpg,551.jpg,1
3410.jpg,3411.jpg,1
9820.jpg,9821.jpg,0
2120.jpg,2121.jpg,1
22640.jpg,22641.jpg,0
16120.jpg,16121.jpg,0
11770.jpg,11771.jpg,1
15770.jpg,15771.jpg,0
15450.jpg,15451.jpg,0
4870.jpg,4871.jpg,1
11020.jpg,11021.jpg,0
19810.jpg,19811.jpg,0
14280.jpg,14281.jpg,0
14400.jpg,14401.jpg,0
9810.jpg,9811.jpg,1
18650.jpg,18651.jpg,0
10910.jpg,10911.jpg,0
12470.jpg,12471.jpg,0
17940.jpg,17941.jpg,0
23510.jpg,23511.jpg,0
22910.jpg,22911.jpg,0
3820.jpg,3821.jpg,0
24540.jpg,24541.jpg,0
8640.jpg,8641.jpg,0
7520.jpg,7521.jpg,0
7040.jpg,7041.jpg,0
17820.jpg,17821.jpg,0
11410.jpg,11411.jpg,1
20040.jpg,20041.jpg,0
12850.jpg,12851.jpg,0
11850.jpg,11851.jpg,0
19980.jpg,19981.jpg,0
22120.jpg,22121.jpg,0
17850.jpg,17851.jpg,0
7880.jpg,7881.jpg,0
15340.jpg,15341.jpg,0
4930.jpg,4931.jpg,0
5700.jpg,5701.jpg,1
22720.jpg,22721.jpg,0
3090.jpg,3091.jpg,1
17080.jpg,17081.jpg,0
19800.jpg,19801.jpg,0
20210.jpg,20211.jpg,0
5890.jpg,5891.jpg,0
4680.jpg,4681.jpg,1
24580.jpg,24581.jpg,0
9320.jpg,9321.jpg,0
20270.jpg,20271.jpg,1
14470.jpg,14471.jpg,0
13830.jpg,13831.jpg,0
15270.jpg,15271.jpg,0
2410.jpg,2411.jpg,1
21560.jpg,21561.jpg,0
5230.jpg,5231.jpg,0
24810.jpg,24811.jpg,0
12340.jpg,12341.jpg,0
14200.jpg,14201.jpg,0
17000.jpg,17001.jpg,0
10730.jpg,10731.jpg,0
7730.jpg,7731.jpg,1
13750.jpg,13751.jpg,0
23880.jpg,23881.jpg,0
13670.jpg,13671.jpg,0
14540.jpg,14541.jpg,0
420.jpg,421.jpg,0
5970.jpg,5971.jpg,0
3470.jpg,3471.jpg,1
540.jpg,541.jpg,1
14960.jpg,14961.jpg,0
18660.jpg,18661.jpg,0
24110.jpg,24111.jpg,0
15100.jpg,15101.jpg,0
24060.jpg,24061.jpg,0
9260.jpg,9261.jpg,0
8920.jpg,8921.jpg,0
19210.jpg,19211.jpg,0
12960.jpg,12961.jpg,0
19030.jpg,19031.jpg,0
22680.jpg,22681.jpg,0
17390.jpg,17391.jpg,0
2140.jpg,2141.jpg,1
23980.jpg,23981.jpg,0
12350.jpg,12351.jpg,0
22460.jpg,22461.jpg,0
16380.jpg,16381.jpg,0
12980.jpg,12981.jpg,0
12100.jpg,12101.jpg,1
19260.jpg,19261.jpg,1
1330.jpg,1331.jpg,1
3170.jpg,3171.jpg,0
10650.jpg,10651.jpg,0
1690.jpg,1691.jpg,0
8060.jpg,8061.jpg,0
17240.jpg,17241.jpg,0
8270.jpg,8271.jpg,0
4240.jpg,4241.jpg,0
11440.jpg,11441.jpg,0
23240.jpg,23241.jpg,0
18830.jpg,18831.jpg,0
2020.jpg,2021.jpg,1
10090.jpg,10091.jpg,0
510.jpg,511.jpg,1
2900.jpg,2901.jpg,1
6950.jpg,6951.jpg,1
14210.jpg,14211.jpg,1
